"year","make","model"
"2015","ACURA","ILX"
"2015","ACURA","MDX"
"2015","ACURA","RDX"
"2015","ACURA","RLX"
"2015","ACURA","TLX"
"2015","ALFA ROMEO","4C"
"2015","ALFA ROMEO","MITO"
"2015","ARCTIC CAT","BEARCAT 2000 LT"
"2015","ARCTIC CAT","BEARCAT 2000 XT"
"2015","ARCTIC CAT","BEARCAT 2000 XTE"
"2015","ARCTIC CAT","BEARCAT 5000 XT"
"2015","ARCTIC CAT","BEARCAT 5000 XT GS"
"2015","ARCTIC CAT","BEARCAT 5000 XT LIMITED"
"2015","ARCTIC CAT","LYNX 2000"
"2015","ARCTIC CAT","LYNX 2000 LT"
"2015","ARCTIC CAT","M 6000 153"
"2015","ARCTIC CAT","M 6000 SNO PRO 153"
"2015","ARCTIC CAT","M 8000 153"
"2015","ARCTIC CAT","M 8000 DAVID MCCLURE SE"
"2015","ARCTIC CAT","M 8000 HCR 153"
"2015","ARCTIC CAT","M 8000 LIMITED 153"
"2015","ARCTIC CAT","M 8000 LIMITED 162"
"2015","ARCTIC CAT","M 8000 LIMITED ES 153"
"2015","ARCTIC CAT","M 8000 LIMITED ES 162"
"2015","ARCTIC CAT","M 8000 ROB KINCAID SE"
"2015","ARCTIC CAT","M 8000 SNO PRO 153"
"2015","ARCTIC CAT","M 8000 SNO PRO 162"
"2015","ARCTIC CAT","M 9000 HCR 162"
"2015","ARCTIC CAT","M 9000 LIMITED 162"
"2015","ARCTIC CAT","XF 6000 CROSS COUNTRY"
"2015","ARCTIC CAT","XF 6000 CROSSTOUR"
"2015","ARCTIC CAT","XF 6000 HIGH COUNTRY"
"2015","ARCTIC CAT","XF 6000 LIMITED"
"2015","ARCTIC CAT","XF 6000 LXR"
"2015","ARCTIC CAT","XF 6000 SNO PRO"
"2015","ARCTIC CAT","XF 8000 CROSS COUNTRY"
"2015","ARCTIC CAT","XF 8000 CROSS COUNTRY LIMITED"
"2015","ARCTIC CAT","XF 8000 CROSSTOUR"
"2015","ARCTIC CAT","XF 8000 HIGH COUNTRY"
"2015","ARCTIC CAT","XF 8000 HIGH COUNTRY LIMITED"
"2015","ARCTIC CAT","XF 8000 LIMITED"
"2015","ARCTIC CAT","XF 8000 LXR"
"2015","ARCTIC CAT","XF 8000 SNO PRO"
"2015","ARCTIC CAT","XF 9000 CROSS COUNTRY"
"2015","ARCTIC CAT","XF 9000 CROSS COUNTRY LIMITED"
"2015","ARCTIC CAT","XF 9000 CROSSTOUR"
"2015","ARCTIC CAT","XF 9000 HIGH COUNTRY"
"2015","ARCTIC CAT","XF 9000 HIGH COUNTRY LIMITED"
"2015","ARCTIC CAT","XF 9000 LIMITED"
"2015","ARCTIC CAT","XF 9000 LXR"
"2015","ARCTIC CAT","XF 9000 SNO PRO"
"2015","ARCTIC CAT","ZR 4000 LXR"
"2015","ARCTIC CAT","ZR 4000 RR"
"2015","ARCTIC CAT","ZR 5000 LXR"
"2015","ARCTIC CAT","ZR 6000 EL TIGRE"
"2015","ARCTIC CAT","ZR 6000 LIMITED"
"2015","ARCTIC CAT","ZR 6000 LXR"
"2015","ARCTIC CAT","ZR 6000 RR"
"2015","ARCTIC CAT","ZR 6000 SNO PRO"
"2015","ARCTIC CAT","ZR 6000 TUCKER HIBBERT RR"
"2015","ARCTIC CAT","ZR 8000 EL TIGRE"
"2015","ARCTIC CAT","ZR 8000 LIMITED"
"2015","ARCTIC CAT","ZR 8000 LXR"
"2015","ARCTIC CAT","ZR 8000 SNO PRO"
"2015","ARCTIC CAT","ZR 9000 EL TIGRE"
"2015","ARCTIC CAT","ZR 9000 LIMITED"
"2015","ARCTIC CAT","ZR 9000 LXR"
"2015","ARCTIC CAT","ZR 9000 RR"
"2015","ARCTIC CAT","ZR 9000 SNO PRO"
"2015","AUDI","A1"
"2015","AUDI","A3"
"2015","AUDI","A3 QUATTRO"
"2015","AUDI","A4"
"2015","AUDI","A4 ALLROAD"
"2015","AUDI","A4 QUATTRO"
"2015","AUDI","A5"
"2015","AUDI","A5 QUATTRO"
"2015","AUDI","A6"
"2015","AUDI","A6 QUATTRO"
"2015","AUDI","A7 QUATTRO"
"2015","AUDI","A8"
"2015","AUDI","A8 QUATTRO"
"2015","AUDI","ALLROAD"
"2015","AUDI","Q3"
"2015","AUDI","Q3 QUATTRO"
"2015","AUDI","Q5"
"2015","AUDI","Q7"
"2015","AUDI","R8"
"2015","AUDI","RS5"
"2015","AUDI","RS7"
"2015","AUDI","S3"
"2015","AUDI","S4"
"2015","AUDI","S5"
"2015","AUDI","S6"
"2015","AUDI","S7"
"2015","AUDI","S8"
"2015","AUDI","SQ5"
"2015","AUDI","TT QUATTRO"
"2015","BENTLEY","CONTINENTAL"
"2015","BENTLEY","MULSANNE"
"2015","BERTONE","X-1/9"
"2015","BMW","118I"
"2015","BMW","220I"
"2015","BMW","228I"
"2015","BMW","228I XDRIVE"
"2015","BMW","320I"
"2015","BMW","320I XDRIVE"
"2015","BMW","328D"
"2015","BMW","328D XDRIVE"
"2015","BMW","328I"
"2015","BMW","328I GT XDRIVE"
"2015","BMW","328I XDRIVE"
"2015","BMW","335I"
"2015","BMW","335I GT XDRIVE"
"2015","BMW","335I XDRIVE"
"2015","BMW","428I"
"2015","BMW","428I GRAN COUPE"
"2015","BMW","428I XDRIVE"
"2015","BMW","428I XDRIVE GRAN COUPE"
"2015","BMW","435I"
"2015","BMW","435I GRAN COUPE"
"2015","BMW","435I XDRIVE"
"2015","BMW","435I XDRIVE GRAN COUPE"
"2015","BMW","520I"
"2015","BMW","528I"
"2015","BMW","528I XDRIVE"
"2015","BMW","535D"
"2015","BMW","535D XDRIVE"
"2015","BMW","535I"
"2015","BMW","535I GT"
"2015","BMW","535I GT XDRIVE"
"2015","BMW","535I XDRIVE"
"2015","BMW","550I"
"2015","BMW","550I GT"
"2015","BMW","550I GT XDRIVE"
"2015","BMW","550I XDRIVE"
"2015","BMW","640I"
"2015","BMW","640I GRAN COUPE"
"2015","BMW","640I XDRIVE"
"2015","BMW","640I XDRIVE GRAN COUPE"
"2015","BMW","650I"
"2015","BMW","650I GRAN COUPE"
"2015","BMW","650I XDRIVE"
"2015","BMW","650I XDRIVE GRAN COUPE"
"2015","BMW","740I"
"2015","BMW","740LD XDRIVE"
"2015","BMW","740LD XDRVIE"
"2015","BMW","740LI"
"2015","BMW","740LI XDRIVE"
"2015","BMW","750I"
"2015","BMW","750I XDRIVE"
"2015","BMW","750LI"
"2015","BMW","750LI XDRIVE"
"2015","BMW","760LI"
"2015","BMW","ACTIVEHYBRID 3"
"2015","BMW","ACTIVEHYBRID 5"
"2015","BMW","ACTIVEHYBRID 7"
"2015","BMW","ALPINA B6 XDRIVE GRAN COUPE"
"2015","BMW","ALPINA B7"
"2015","BMW","ALPINA B7 XDRIVE"
"2015","BMW","ALPINA B7L"
"2015","BMW","ALPINA B7L XDRIVE"
"2015","BMW","I3"
"2015","BMW","I8"
"2015","BMW","M135I"
"2015","BMW","M235I"
"2015","BMW","M235I XDRIVE"
"2015","BMW","M3"
"2015","BMW","M4"
"2015","BMW","M5"
"2015","BMW","M6"
"2015","BMW","M6 GRAN COUPE"
"2015","BMW","X1"
"2015","BMW","X3"
"2015","BMW","X4"
"2015","BMW","X5"
"2015","BMW","X6"
"2015","BMW","Z4"
"2015","BUICK","ENCLAVE"
"2015","BUICK","ENCORE"
"2015","BUICK","LACROSSE"
"2015","BUICK","REGAL"
"2015","BUICK","VERANO"
"2015","BUICK","WILDCAT"
"2015","CADILLAC","ATS"
"2015","CADILLAC","CTS"
"2015","CADILLAC","ELR"
"2015","CADILLAC","ESCALADE"
"2015","CADILLAC","ESCALADE ESV"
"2015","CADILLAC","SRX"
"2015","CADILLAC","XTS"
"2015","CHEVROLET","AVEO"
"2015","CHEVROLET","CAMARO"
"2015","CHEVROLET","CAPRICE"
"2015","CHEVROLET","CAPTIVA SPORT"
"2015","CHEVROLET","CITY EXPRESS"
"2015","CHEVROLET","COLORADO"
"2015","CHEVROLET","CORVETTE"
"2015","CHEVROLET","CRUZE"
"2015","CHEVROLET","EQUINOX"
"2015","CHEVROLET","EXPRESS 2500"
"2015","CHEVROLET","EXPRESS 3500"
"2015","CHEVROLET","EXPRESS 4500"
"2015","CHEVROLET","EXPRESS CARGO"
"2015","CHEVROLET","EXPRESS PASAJEROS"
"2015","CHEVROLET","IMPALA"
"2015","CHEVROLET","IMPALA LIMITED"
"2015","CHEVROLET","MALIBU"
"2015","CHEVROLET","SILVERADO 1500"
"2015","CHEVROLET","SILVERADO 2500"
"2015","CHEVROLET","SILVERADO 2500 HD"
"2015","CHEVROLET","SILVERADO 3500"
"2015","CHEVROLET","SILVERADO 3500 HD"
"2015","CHEVROLET","SONIC"
"2015","CHEVROLET","SPARK"
"2015","CHEVROLET","SPARK EV"
"2015","CHEVROLET","SS"
"2015","CHEVROLET","SUBURBAN"
"2015","CHEVROLET","TAHOE"
"2015","CHEVROLET","TRAVERSE"
"2015","CHEVROLET","TRAX"
"2015","CHEVROLET","VOLT"
"2015","CHRYSLER","200"
"2015","CHRYSLER","300"
"2015","CHRYSLER","TOWN & COUNTRY"
"2015","DODGE","CHALLENGER"
"2015","DODGE","CHARGER"
"2015","DODGE","DART"
"2015","DODGE","DURANGO"
"2015","DODGE","GRAND CARAVAN"
"2015","DODGE","JOURNEY"
"2015","DODGE","VIPER"
"2015","FIAT","500"
"2015","FIAT","500L"
"2015","FORD","C-MAX"
"2015","FORD","E-350 SUPER DUTY"
"2015","FORD","E-450 SUPER DUTY"
"2015","FORD","EDGE"
"2015","FORD","ESCAPE"
"2015","FORD","EXPEDITION"
"2015","FORD","EXPLORER"
"2015","FORD","F-150"
"2015","FORD","F-250"
"2015","FORD","F-250 SUPER DUTY"
"2015","FORD","F-350"
"2015","FORD","F-350 SUPER DUTY"
"2015","FORD","F-450"
"2015","FORD","F-450 SUPER DUTY"
"2015","FORD","F-550"
"2015","FORD","F-550 SUPER DUTY"
"2015","FORD","FIESTA"
"2015","FORD","FIESTA IKON"
"2015","FORD","FLEX"
"2015","FORD","FOCUS"
"2015","FORD","FUSION"
"2015","FORD","MUSTANG"
"2015","FORD","POLICE INTERCEPTOR SEDAN"
"2015","FORD","POLICE INTERCEPTOR UTILITY"
"2015","FORD","SPECIAL SERVICE POLICE SEDAN"
"2015","FORD","TAURUS"
"2015","FORD","TRANSIT"
"2015","FORD","TRANSIT CONNECT"
"2015","FORD","TRANSIT-150"
"2015","FORD","TRANSIT-250"
"2015","FORD","TRANSIT-350"
"2015","FORD","TRANSIT-350 HD"
"2015","FREIGHTLINER","CASCADIA"
"2015","FREIGHTLINER","COLUMBIA"
"2015","FREIGHTLINER","CORONADO"
"2015","FREIGHTLINER","SPRINTER 2500"
"2015","FREIGHTLINER","SPRINTER 3500"
"2015","GMC","ACADIA"
"2015","GMC","CANYON"
"2015","GMC","SAVANA 2500"
"2015","GMC","SAVANA 3500"
"2015","GMC","SAVANA 4500"
"2015","GMC","SIERRA"
"2015","GMC","SIERRA 1500"
"2015","GMC","SIERRA 2500 HD"
"2015","GMC","SIERRA 3500 HD"
"2015","GMC","TERRAIN"
"2015","GMC","YUKON"
"2015","GMC","YUKON XL"
"2015","HARLEY DAVIDSON","XG500 STREET 500"
"2015","HARLEY DAVIDSON","XG750 STREET 750"
"2015","HONDA","ACCORD"
"2015","HONDA","CIVIC"
"2015","HONDA","CR-V"
"2015","HONDA","CR-Z"
"2015","HONDA","CRF110F"
"2015","HONDA","CRF50F"
"2015","HONDA","CROSSTOUR"
"2015","HONDA","FIT"
"2015","HONDA","NC700J NM4"
"2015","HONDA","ODYSSEY"
"2015","HONDA","PCX150"
"2015","HONDA","PILOT"
"2015","HONDA","SXS500M2 PIONEER 500"
"2015","HYUNDAI","ACCENT"
"2015","HYUNDAI","AZERA"
"2015","HYUNDAI","ELANTRA"
"2015","HYUNDAI","ELANTRA COUPE"
"2015","HYUNDAI","ELANTRA GT"
"2015","HYUNDAI","EQUUS"
"2015","HYUNDAI","GENESIS"
"2015","HYUNDAI","GENESIS COUPE"
"2015","HYUNDAI","SANTA FE"
"2015","HYUNDAI","SANTA FE XL"
"2015","HYUNDAI","SONATA"
"2015","HYUNDAI","TUCSON"
"2015","HYUNDAI","VELOSTER"
"2015","HYUNDAI","XG350"
"2015","IC CORPORATION","CE SCHOOL BUS"
"2015","INFINITI","Q40"
"2015","INFINITI","Q50"
"2015","INFINITI","Q60"
"2015","INFINITI","Q70"
"2015","INFINITI","Q70L"
"2015","INFINITI","QX50"
"2015","INFINITI","QX60"
"2015","INFINITI","QX70"
"2015","INFINITI","QX80"
"2015","JAGUAR","F-TYPE"
"2015","JAGUAR","XF"
"2015","JAGUAR","XFR"
"2015","JAGUAR","XFR-S"
"2015","JAGUAR","XJ"
"2015","JAGUAR","XJR"
"2015","JAGUAR","XK"
"2015","JAGUAR","XKR"
"2015","JAGUAR","XKR-S"
"2015","JEEP","CHEROKEE"
"2015","JEEP","COMPASS"
"2015","JEEP","GRAND CHEROKEE"
"2015","JEEP","PATRIOT"
"2015","JEEP","RENEGADE"
"2015","JEEP","WRANGLER"
"2015","KAWASAKI","ZX1000 NINJA ZX-10R 30TH ANNIVERSAR"
"2015","KAWASAKI","ZX1000 NINJA ZX-10R ABS 30TH ANNIVE"
"2015","KAWASAKI","ZX636 NINJA ZX-6R 30TH ANNIVERSARY"
"2015","KAWASAKI","ZX636 NINJA ZX-6R ABS 30TH ANNIVERS"
"2015","KENWORTH","T170"
"2015","KENWORTH","T270"
"2015","KENWORTH","T370"
"2015","KENWORTH","T660"
"2015","KENWORTH","T680"
"2015","KENWORTH","T700"
"2015","KENWORTH","T800"
"2015","KENWORTH","T880"
"2015","KIA","CADENZA"
"2015","KIA","FORTE"
"2015","KIA","FORTE KOUP"
"2015","KIA","K900"
"2015","KIA","OPTIMA"
"2015","KIA","RIO"
"2015","KIA","RONDO"
"2015","KIA","SEDONA"
"2015","KIA","SORENTO"
"2015","KIA","SOUL"
"2015","KIA","SOUL EV"
"2015","KIA","SPORTAGE"
"2015","LAND ROVER","DEFENDER"
"2015","LAND ROVER","DISCOVERY"
"2015","LAND ROVER","LR2"
"2015","LAND ROVER","LR4"
"2015","LAND ROVER","RANGE ROVER"
"2015","LAND ROVER","RANGE ROVER EVOQUE"
"2015","LAND ROVER","RANGE ROVER SPORT"
"2015","LEXUS","CT200H"
"2015","LEXUS","ES300H"
"2015","LEXUS","ES350"
"2015","LEXUS","GS350"
"2015","LEXUS","GS450H"
"2015","LEXUS","GX460"
"2015","LEXUS","IS250"
"2015","LEXUS","IS350"
"2015","LEXUS","LS460"
"2015","LEXUS","LS600H"
"2015","LEXUS","LX570"
"2015","LEXUS","NX200T"
"2015","LEXUS","NX300H"
"2015","LEXUS","RC F"
"2015","LEXUS","RC350"
"2015","LEXUS","RX350"
"2015","LEXUS","RX450H"
"2015","LINCOLN","MKC"
"2015","LINCOLN","MKS"
"2015","LINCOLN","MKT"
"2015","LINCOLN","MKX"
"2015","LINCOLN","MKZ"
"2015","LINCOLN","NAVIGATOR"
"2015","MACK","CHU"
"2015","MACK","CXU"
"2015","MACK","GU4"
"2015","MACK","GU5"
"2015","MACK","GU7"
"2015","MACK","GU8"
"2015","MACK","LEU"
"2015","MACK","MRU"
"2015","MACK","TD700"
"2015","MASERATI","GRANTURISMO"
"2015","MAZDA","2"
"2015","MAZDA","3"
"2015","MAZDA","5"
"2015","MAZDA","6"
"2015","MAZDA","CX-5"
"2015","MAZDA","CX-9"
"2015","MAZDA","MX-5"
"2015","MAZDA","MX-5 MIATA"
"2015","MERCEDES-BENZ","A180"
"2015","MERCEDES-BENZ","A200"
"2015","MERCEDES-BENZ","A45 AMG"
"2015","MERCEDES-BENZ","B ELECTRIC DRIVE"
"2015","MERCEDES-BENZ","B180"
"2015","MERCEDES-BENZ","B250"
"2015","MERCEDES-BENZ","C250"
"2015","MERCEDES-BENZ","C300"
"2015","MERCEDES-BENZ","C350"
"2015","MERCEDES-BENZ","C400"
"2015","MERCEDES-BENZ","C63 AMG"
"2015","MERCEDES-BENZ","CLA200"
"2015","MERCEDES-BENZ","CLA250"
"2015","MERCEDES-BENZ","CLA45 AMG"
"2015","MERCEDES-BENZ","CLS400"
"2015","MERCEDES-BENZ","CLS550"
"2015","MERCEDES-BENZ","CLS63 AMG"
"2015","MERCEDES-BENZ","CLS63 AMG S"
"2015","MERCEDES-BENZ","E250"
"2015","MERCEDES-BENZ","E300"
"2015","MERCEDES-BENZ","E350"
"2015","MERCEDES-BENZ","E400"
"2015","MERCEDES-BENZ","E500"
"2015","MERCEDES-BENZ","E550"
"2015","MERCEDES-BENZ","E63 AMG"
"2015","MERCEDES-BENZ","E63 AMG S"
"2015","MERCEDES-BENZ","G550"
"2015","MERCEDES-BENZ","G63 AMG"
"2015","MERCEDES-BENZ","G65 AMG"
"2015","MERCEDES-BENZ","GL350"
"2015","MERCEDES-BENZ","GL450"
"2015","MERCEDES-BENZ","GL500"
"2015","MERCEDES-BENZ","GL550"
"2015","MERCEDES-BENZ","GL63 AMG"
"2015","MERCEDES-BENZ","GLA200"
"2015","MERCEDES-BENZ","GLA250"
"2015","MERCEDES-BENZ","GLA45 AMG"
"2015","MERCEDES-BENZ","GLK250"
"2015","MERCEDES-BENZ","GLK350"
"2015","MERCEDES-BENZ","ML250"
"2015","MERCEDES-BENZ","ML350"
"2015","MERCEDES-BENZ","ML400"
"2015","MERCEDES-BENZ","ML500"
"2015","MERCEDES-BENZ","ML550"
"2015","MERCEDES-BENZ","ML63 AMG"
"2015","MERCEDES-BENZ","S550"
"2015","MERCEDES-BENZ","S600"
"2015","MERCEDES-BENZ","S63 AMG"
"2015","MERCEDES-BENZ","S65 AMG"
"2015","MERCEDES-BENZ","SL400"
"2015","MERCEDES-BENZ","SL500"
"2015","MERCEDES-BENZ","SL550"
"2015","MERCEDES-BENZ","SL63 AMG"
"2015","MERCEDES-BENZ","SL65 AMG"
"2015","MERCEDES-BENZ","SLK200"
"2015","MERCEDES-BENZ","SLK250"
"2015","MERCEDES-BENZ","SLK350"
"2015","MERCEDES-BENZ","SLK55 AMG"
"2015","MERCEDES-BENZ","SLS AMG"
"2015","MERCEDES-BENZ","SPRINTER 2500"
"2015","MERCEDES-BENZ","SPRINTER 3500"
"2015","MINI","COOPER"
"2015","MINI","COOPER COUNTRYMAN"
"2015","MINI","COOPER PACEMAN"
"2015","MITSUBISHI","L200"
"2015","MITSUBISHI","LANCER"
"2015","MITSUBISHI","MIRAGE"
"2015","MITSUBISHI","OUTLANDER"
"2015","MITSUBISHI","OUTLANDER SPORT"
"2015","MITSUBISHI","RVR"
"2015","NASH","STATESMAN"
"2015","NISSAN","370Z"
"2015","NISSAN","ALTIMA"
"2015","NISSAN","ARMADA"
"2015","NISSAN","FRONTIER"
"2015","NISSAN","GT-R"
"2015","NISSAN","JUKE"
"2015","NISSAN","LEAF"
"2015","NISSAN","MAXIMA"
"2015","NISSAN","MICRA"
"2015","NISSAN","MURANO"
"2015","NISSAN","NV1500"
"2015","NISSAN","NV200"
"2015","NISSAN","NV2500"
"2015","NISSAN","NV3500"
"2015","NISSAN","PATHFINDER"
"2015","NISSAN","QUEST"
"2015","NISSAN","ROGUE"
"2015","NISSAN","ROGUE SELECT"
"2015","NISSAN","SENTRA"
"2015","NISSAN","TITAN"
"2015","NISSAN","VERSA"
"2015","NISSAN","VERSA NOTE"
"2015","NISSAN","XTERRA"
"2015","PETERBILT","348"
"2015","PETERBILT","367"
"2015","PETERBILT","386"
"2015","PETERBILT","389"
"2015","PETERBILT","567"
"2015","PETERBILT","579"
"2015","PETERBILT","587"
"2015","PEUGEOT","2008"
"2015","PEUGEOT","208"
"2015","PEUGEOT","3008"
"2015","PEUGEOT","508"
"2015","PEUGEOT","PARTNER"
"2015","PEUGEOT","RCZ"
"2015","POLARIS","550 INDY"
"2015","POLARIS","550 INDY 144"
"2015","POLARIS","550 INDY ADVENTURE 144"
"2015","POLARIS","550 INDY ADVENTURE 155"
"2015","POLARIS","550 INDY LXT"
"2015","POLARIS","550 INDY VOYAGEUR 144"
"2015","POLARIS","550 INDY VOYAGEUR 155"
"2015","POLARIS","600 INDY"
"2015","POLARIS","600 INDY SP"
"2015","POLARIS","600 INDY VOYAGEUR"
"2015","POLARIS","600 IQ LXT"
"2015","POLARIS","600 IQ WIDETRACK"
"2015","POLARIS","600 PRO-RMK 155"
"2015","POLARIS","600 RMK 144"
"2015","POLARIS","600 RMK 155"
"2015","POLARIS","600 RUSH PRO-S"
"2015","POLARIS","600 SWITCHBACK ADVENTURE"
"2015","POLARIS","600 SWITCHBACK ASSAULT 144"
"2015","POLARIS","600 SWITCHBACK PRO-S"
"2015","POLARIS","800 INDY SP"
"2015","POLARIS","800 PRO-RMK 155"
"2015","POLARIS","800 PRO-RMK 155 TERRAIN DOMINATOR"
"2015","POLARIS","800 PRO-RMK 163"
"2015","POLARIS","800 PRO-RMK 163 TERRAIN DOMINATOR"
"2015","POLARIS","800 RMK 155"
"2015","POLARIS","800 RMK ASSAULT 155"
"2015","POLARIS","800 RUSH PRO-S"
"2015","POLARIS","800 RUSH PRO-X"
"2015","POLARIS","800 SWITCHBACK ASSAULT 144"
"2015","POLARIS","800 SWITCHBACK PRO-S"
"2015","POLARIS","800 SWITCHBACK PRO-X"
"2015","PORSCHE","911"
"2015","PORSCHE","918 SPYDER"
"2015","PORSCHE","BOXSTER"
"2015","PORSCHE","CAYENNE"
"2015","PORSCHE","CAYMAN"
"2015","PORSCHE","MACAN"
"2015","PORSCHE","PANAMERA"
"2015","RAM","1500"
"2015","RAM","2500"
"2015","RAM","3500"
"2015","RAM","4500"
"2015","RAM","5500"
"2015","RAM","C/V"
"2015","RAM","PROMASTER 1500"
"2015","RAM","PROMASTER 2500"
"2015","RAM","PROMASTER 3500"
"2015","RAM","PROMASTER CITY"
"2015","RENAULT","CLIO"
"2015","RENAULT","KOLEOS"
"2015","ROLLS ROYCE","GHOST"
"2015","ROLLS ROYCE","PHANTOM"
"2015","ROLLS ROYCE","WRAITH"
"2015","SCION","FR-S"
"2015","SCION","IQ"
"2015","SCION","TC"
"2015","SCION","XB"
"2015","SEAT","IBIZA"
"2015","SEAT","LEON"
"2015","SEAT","TOLEDO"
"2015","SKI-DOO","EXPEDITION LE 4-TEC 1200"
"2015","SKI-DOO","EXPEDITION LE ACE 900"
"2015","SKI-DOO","EXPEDITION LE E-TEC 600 HO"
"2015","SKI-DOO","EXPEDITION SE 4-TEC 1200"
"2015","SKI-DOO","EXPEDITION SE ACE 900"
"2015","SKI-DOO","EXPEDITION SE E-TEC 600 HO"
"2015","SKI-DOO","EXPEDITION SPORT 550F"
"2015","SKI-DOO","EXPEDITION SPORT 600 ACE"
"2015","SKI-DOO","EXPEDITION SPORT ACE 900"
"2015","SKI-DOO","FREERIDE E-TEC 800R 137"
"2015","SKI-DOO","FREERIDE E-TEC 800R 146"
"2015","SKI-DOO","FREERIDE E-TEC 800R 154"
"2015","SKI-DOO","GRAND TOURING LE 4-TEC 1200"
"2015","SKI-DOO","GRAND TOURING LE ACE 900"
"2015","SKI-DOO","GRAND TOURING LE E-TEC 600 HO"
"2015","SKI-DOO","GRAND TOURING SE 4-TEC 1200"
"2015","SKI-DOO","GRAND TOURING SPORT 550F"
"2015","SKI-DOO","GRAND TOURING SPORT 600 ACE"
"2015","SKI-DOO","GSX LE 4-TEC 1200"
"2015","SKI-DOO","GSX LE ACE 900"
"2015","SKI-DOO","GSX LE E-TEC 600 HO"
"2015","SKI-DOO","GSX SE 4-TEC 1200"
"2015","SKI-DOO","GSX SE E-TEC 600 HO"
"2015","SKI-DOO","GSX SE E-TEC 800R"
"2015","SKI-DOO","MX Z SPORT 600 ACE"
"2015","SKI-DOO","MX Z SPORT 600 CARB"
"2015","SKI-DOO","MX Z TNT 4-TEC 1200"
"2015","SKI-DOO","MX Z TNT ACE 900"
"2015","SKI-DOO","MX Z TNT E-TEC 600 HO"
"2015","SKI-DOO","MX Z TNT E-TEC 800R"
"2015","SKI-DOO","MX Z X 4-TEC 1200"
"2015","SKI-DOO","MX Z X E-TEC 600 HO"
"2015","SKI-DOO","MX Z X E-TEC 800R"
"2015","SKI-DOO","MX Z X-RS E-TEC 600 HO"
"2015","SKI-DOO","MX Z X-RS E-TEC 800R"
"2015","SKI-DOO","RENEGADE ADRENALINE 4-TEC 1200"
"2015","SKI-DOO","RENEGADE ADRENALINE ACE 900"
"2015","SKI-DOO","RENEGADE ADRENALINE E-TEC 600 HO"
"2015","SKI-DOO","RENEGADE ADRENALINE E-TEC 800R"
"2015","SKI-DOO","RENEGADE BACKCOUNTRY E-TEC 600 HO"
"2015","SKI-DOO","RENEGADE BACKCOUNTRY E-TEC 800R"
"2015","SKI-DOO","RENEGADE BACKCOUNTRY X E-TEC 800R"
"2015","SKI-DOO","RENEGADE SPORT 600 ACE"
"2015","SKI-DOO","RENEGADE SPORT 600 CARB"
"2015","SKI-DOO","RENEGADE X 4-TEC 1200"
"2015","SKI-DOO","RENEGADE X E-TEC 600 HO"
"2015","SKI-DOO","RENEGADE X E-TEC 800R"
"2015","SKI-DOO","RENEGADE X-RS E-TEC 800R"
"2015","SKI-DOO","SKANDIC SWT ACE 900"
"2015","SKI-DOO","SKANDIC SWT E-TEC 600 HO"
"2015","SKI-DOO","SKANDIC WT 550F"
"2015","SKI-DOO","SKANDIC WT 600 ACE"
"2015","SKI-DOO","SKANDIC WT ACE 900"
"2015","SKI-DOO","SKANDIC WT E-TEC 600 HO"
"2015","SKI-DOO","SUMMIT SP E-TEC 600 HO 146"
"2015","SKI-DOO","SUMMIT SP E-TEC 600 HO 154"
"2015","SKI-DOO","SUMMIT SP E-TEC 800R 146"
"2015","SKI-DOO","SUMMIT SP E-TEC 800R 154"
"2015","SKI-DOO","SUMMIT SP E-TEC 800R 163"
"2015","SKI-DOO","SUMMIT SPORT 600 CARB"
"2015","SKI-DOO","SUMMIT SPORT POWER TEK 800R"
"2015","SKI-DOO","SUMMIT X E-TEC 800R 146"
"2015","SKI-DOO","SUMMIT X E-TEC 800R 154"
"2015","SKI-DOO","SUMMIT X E-TEC 800R 163"
"2015","SKI-DOO","SUMMIT X T3 PACKAGE E-TEC 800R 163"
"2015","SKI-DOO","TUNDRA EXTREME E-TEC 600 HO"
"2015","SKI-DOO","TUNDRA LT 550F"
"2015","SKI-DOO","TUNDRA LT ACE 600"
"2015","SKI-DOO","TUNDRA SPORT 550F"
"2015","SKI-DOO","TUNDRA SPORT ACE 600"
"2015","SMART","FORTWO"
"2015","SUBARU","BRZ"
"2015","SUBARU","FORESTER"
"2015","SUBARU","IMPREZA"
"2015","SUBARU","LEGACY"
"2015","SUBARU","OUTBACK"
"2015","SUBARU","WRX"
"2015","SUBARU","WRX STI"
"2015","SUBARU","XV CROSSTREK"
"2015","SUZUKI","TU250X"
"2015","TESLA","S"
"2015","TESLA","X"
"2015","TOYOTA","4RUNNER"
"2015","TOYOTA","AVALON"
"2015","TOYOTA","CAMRY"
"2015","TOYOTA","COROLLA"
"2015","TOYOTA","HIGHLANDER"
"2015","TOYOTA","LAND CRUISER"
"2015","TOYOTA","PRIUS"
"2015","TOYOTA","PRIUS C"
"2015","TOYOTA","PRIUS V"
"2015","TOYOTA","RAV4"
"2015","TOYOTA","SEQUOIA"
"2015","TOYOTA","SIENNA"
"2015","TOYOTA","TACOMA"
"2015","TOYOTA","TUNDRA"
"2015","TOYOTA","VENZA"
"2015","TOYOTA","YARIS"
"2015","VICTORY","GUNNER"
"2015","VOLKSWAGEN","AMAROK"
"2015","VOLKSWAGEN","BEETLE"
"2015","VOLKSWAGEN","CADDY"
"2015","VOLKSWAGEN","CC"
"2015","VOLKSWAGEN","CRAFTER"
"2015","VOLKSWAGEN","E-GOLF"
"2015","VOLKSWAGEN","EOS"
"2015","VOLKSWAGEN","GOLF"
"2015","VOLKSWAGEN","GTI"
"2015","VOLKSWAGEN","JETTA"
"2015","VOLKSWAGEN","PASSAT"
"2015","VOLKSWAGEN","TIGUAN"
"2015","VOLKSWAGEN","TOUAREG"
"2015","VOLVO","S60"
"2015","VOLVO","S80"
"2015","VOLVO","V60"
"2015","VOLVO","V60 CROSS COUNTRY"
"2015","VOLVO","XC60"
"2015","VOLVO","XC70"
"2015","YAMAHA","SR400"
"2016","KIA","SORENTO"
"2016","MAZDA","6"
"2016","MAZDA","CX-5"
"2016","VOLVO","XC90"
